Question,Option A,Option B,Option C,Option D,Correct Option,Explanation
"What fundamental attribute distinguishes categorical data from numerical data?","Does it identify a discrete category or quantify a numerical measurement?","Is the measurement positive or negative?","Was it collected recently or historically?","Does it require floating-point arithmetic?",0,"Categorical data assigns items into distinct classes or groups, whereas numerical data quantifies amounts or counts."
"Which of the following represents an ordinal categorical data type?","Customer satisfaction rating (Poor, Fair, Good, Excellent)","Blood type group (A, B, AB, O)","Telephone area code","Computer processor serial number",0,"Ordinal data has an explicit, natural ranking order among categories with non-uniform intervals."
"Which of the following is an example of continuous numerical data rather than discrete?","The ambient temperature of a laboratory server room over time","The total number of students logged into an exam session","The count of defect items in a shipment batch","The number of hospital beds available in a ward",0,"Continuous data can take on any real value along an unbroken scale, whereas counts are discrete integers."
"When constructing bar charts for categorical comparison, why must the baseline start at zero?","To prevent deceptive visual distortion of relative bar height ratios","To ensure bar charts fit within default printer margins","Because SVG vector graphics do not support non-zero origins","To force gridlines to be calculated as integers",0,"Truncating the baseline distorts proportional lengths, misleading readers about actual magnitude ratios."
"When should a horizontal bar chart be preferred over a vertical column chart?","When category labels are lengthy and would truncate or slant vertically","When tracking continuous price movements across 500 trading days","When illustrating proportions of a single whole under 4 parts","When displaying multi-dimensional 3D surfaces",0,"Horizontal bar charts allow long textual labels to be read naturally left-to-right without diagonal tilting."
"What is the primary analytical question addressed by descriptive analytics?","What specific events have historically occurred based on verified records?","What will happen in the next financial quarter with certainty?","What optimal decision algorithm should be executed next?","How can outlier data points be silently removed?",0,"Descriptive analytics summarizes historical and empirical data to characterize what has already occurred."
"In predictive analytics using Generative AI models, what essential accompaniment is required?","Clear communication of uncertainty bounds, error margins, and confidence intervals","An absolute guarantee that future predictions are 100% deterministic","The removal of all training baseline comparison sets","Omitting all documentation of model hyperparameter choices",0,"Predictive algorithms inherently produce probabilistic estimates that require clear uncertainty disclosure."
"How does prescriptive analytics differ from descriptive and predictive analytics?","It formulates and recommends specific actionable decisions to optimize outcomes","It only records past ledger entries without future forecasting","It focuses exclusively on plotting 2D static visual graphics","It removes human oversight from critical safety protocols",0,"Prescriptive analytics identifies the optimal course of action based on predictions and constraint objectives."
"Which visualization format is recommended for illustrating trend velocity and change over continuous time intervals?","A continuous line chart with chronological ordering on the horizontal axis","A 3D exploded pie chart with 20 slices","A radar spider chart with random categorical ordering","A horizontal stacked cylinder bar chart",0,"Line charts effectively communicate rate, continuity, and temporal trajectory across uninterrupted intervals."
"What is the primary risk of representational bias in generative machine learning models?","Training data underrepresents marginalized cohorts, producing skewed model behaviors","Processing units consume too much memory during backpropagation","Database tables contain too many normalized foreign keys","API responses return structured JSON instead of plain markdown",0,"When training sets lack balanced diversity, model inference reflects disparities and fails on minority groups."
"Why must pie charts generally be restricted to five or fewer slices?","Human visual perception struggles to accurately judge non-aligned angle and arc slices","Pie charts cannot support decimal percentage calculations","Web browsers cannot render circular SVG geometry efficiently","Hexadecimal color palettes do not support more than five hues",0,"Comparing multiple angular wedges without a common baseline is perceptually difficult and error-prone."
"In structured versus unstructured data architectures, which format represents unstructured data?","Medical clinical notes recorded in free-form physician dictation","A relational SQL table with predefined primary and foreign keys","A comma-separated spreadsheet with rigid typed columns","A database catalog index with integer keys",0,"Free-form natural language text lacks a standardized relational schema and represents unstructured data."
"What role does a tamper-evident audit log serve in examination and compliance platforms?","Provides an immutable chronological record of candidate interactions and submissions","Allows candidates to overwrite previous answers after grading completion","Reduces server database size by deleting previous test histories","Automatically marks incorrect answers as correct during network drops",0,"Audit logs guarantee transparency, accountability, and academic integrity by preserving timestamped activity."
"When presenting visual dashboards to non-technical executives, what is the best practice?","Lead with clear contextual narrative insights rather than raw unannotated numbers","Include as many decorative 3D textures and animations as possible","Display complex mathematical proofs on the summary slide","Remove all axis titles to give the interface a minimalist design",0,"Effective data storytelling translates complex analytics into clear, actionable executive insights."
"Which metric measures algorithmic fairness by evaluating whether error rates are equal across protected groups?","Equalized odds and false positive parity","Floating point operations per second (FLOPS)","Average response latency in milliseconds","Total parameter storage footprint in gigabytes",0,"Equalized odds verifies that true positive and false positive rates remain equivalent across demographic classes."
"What is a critical anti-pattern when designing machine learning training pipelines?","Data leakage from test splits into training datasets","Conducting cross-validation across multiple random folds","Documenting feature provenance and data licenses","Implementing automated regression integration suites",0,"Data leakage contaminates training data with target test signals, creating misleadingly optimistic accuracy."
"If an examinee experiences an unexpected network disconnect during an online quiz, what must the client do?","Persist answered questions locally in browser storage and resynchronize upon reconnect","Immediately submit a blank test and invalidate the candidate session","Crash the user browser tab with an unhandled fatal exception","Reset all previously answered questions back to unanswered state",0,"Robust client-side architecture caches state in local storage to withstand transient network failures seamlessly."
"Why is qualitative data crucial even when rich quantitative metrics are readily available?","Qualitative insights explain the human 'why' and emotional nuance behind the numbers","Qualitative data eliminates the necessity of statistical significance testing","Qualitative feedback can be parsed instantly by simple integer additions","Qualitative notes never require subjective interpretation",0,"Numbers show the magnitude of behavior, but qualitative feedback uncovers the underlying motivations and context."
"What is the primary benefit of standardized multiple-choice question distraction design?","Distractors target common student misconceptions to evaluate true diagnostic comprehension","Distractors trick candidates with obscure grammatical technicalities","Distractors should all be blatantly obvious so everyone answers correctly","Distractors should be identical to the correct answer to increase difficulty",0,"Effective distractors diagnose conceptual misunderstandings rather than testing trivia or syntactic trickery."
"What is the ultimate goal of integrating disciplined data storytelling with Generative AI?","Empowering humans to make verified, ethical, and evidence-based strategic decisions","Replacing human leadership with unmonitored autonomous algorithms","Generating visual graphics rapidly without evaluating data authenticity","Automating assessments without providing feedback to learners",0,"Ethical data storytelling combines computational capabilities with critical human discernment for impactful decisions."
